<?xml version="1.0" encoding="UTF-8"?>
<?xml-stylesheet href="hide-it.xsl" type="text/xsl"?>
<layouttype>Go Away Nosey</layoutype>
<!----   DO NOT EDIT ABOVE THIS LINE!!!  BASIC OBFUSCATION METHODS!!!-->

<xml>
    
  <dir>
    <title>Movies</title>
    <link>file://movies.xml</link>
	<thumbnail></thumbnail>
	<fanart></fanart>    
  </dir>
  
  <dir>
    <title>Series</title>
    <link>file://series.xml</link>
	<thumbnail></thumbnail>
	<fanart></fanart>    
  </dir>
  
   <dir>
    <title>Documentaries</title>
    <link>file://docus.xml</link>
	<thumbnail></thumbnail>
	<fanart></fanart>    
  </dir>
  
  <dir>
    <title>People</title>
    <link>file://people.xml</link>
	<thumbnail></thumbnail>
	<fanart></fanart>    
  </dir>
  
  <dir>
    <title>Lists</title>
    <link>file://lists.xml</link>
	<thumbnail></thumbnail>
	<fanart></fanart>    
  </dir>
  
  <dir>
    <title>TMDB</title>
    <link>file://tmdb.json</link>
	<thumbnail></thumbnail>
	<fanart></fanart>    
  </dir>
  
  <dir>
    <title>TRAKT</title>
    <link>file://trakt.json</link>
	<thumbnail></thumbnail>
	<fanart></fanart>    
  </dir>
  
  <dir>
    <title>Settings</title>
    <link>file://settings.json</link>
	<thumbnail></thumbnail>
	<fanart></fanart>    
  </dir>
  
 
</xml>
