<?xml version="1.0" encoding="UTF-8"?>
<?xml-stylesheet href="hide-it.xsl" type="text/xsl"?>
<layouttype>Go Away Nosey</layoutype>
<!----   DO NOT EDIT ABOVE THIS LINE!!!  BASIC OBFUSCATION METHODS!!!-->

<xml>

<dir>
<title>All 1935 Movies</title>
<link>tmdb/year/movies/1935</link>
</dir>

<dir>
<title>All 1936 Movies</title>
<link>tmdb/year/movies/1936</link>
</dir>

<dir>
<title>All 1937 Movies</title>
<link>tmdb/year/movies/1937</link>
</dir>

<dir>
<title>All 1938 Movies</title>
<link>tmdb/year/movies/1938</link>
</dir>

<dir>
<title>All 1939 Movies</title>
<link>tmdb/year/movies/1939</link>
</dir>

<dir>
<title>All 1940 Movies</title>
<link>tmdb/year/movies/1940</link>
</dir>

<dir>
<title>All 1941 Movies</title>
<link>tmdb/year/movies/1941</link>
</dir>

<dir>
<title>All 1942 Movies</title>
<link>tmdb/year/movies/1942</link>
</dir>

<dir>
<title>All 1943 Movies</title>
<link>tmdb/year/movies/1943</link>
</dir>

<dir>
<title>All 1944 Movies</title>
<link>tmdb/year/movies/1944</link>
</dir>

<dir>
<title>All 1945 Movies</title>
<link>tmdb/year/movies/1945</link>
</dir>

<dir>
<title>All 1946 Movies</title>
<link>tmdb/year/movies/1946</link>
</dir>

<dir>
<title>All 1947 Movies</title>
<link>tmdb/year/movies/1947</link>
</dir>

<dir>
<title>All 1948 Movies</title>
<link>tmdb/year/movies/1948</link>
</dir>

<dir>
<title>All 1949 Movies</title>
<link>tmdb/year/movies/1949</link>
</dir>

<dir>
<title>All 1950 Movies</title>
<link>tmdb/year/movies/1950</link>
</dir>

<dir>
<title>All 1951 Movies</title>
<link>tmdb/year/movies/1951</link>
</dir>

<dir>
<title>All 1952 Movies</title>
<link>tmdb/year/movies/1952</link>
</dir>

<dir>
<title>All 1953 Movies</title>
<link>tmdb/year/movies/1953</link>
</dir>

<dir>
<title>All 1954 Movies</title>
<link>tmdb/year/movies/1954</link>
</dir>

<dir>
<title>All 1955 Movies</title>
<link>tmdb/year/movies/1955</link>
</dir>

<dir>
<title>All 1956 Movies</title>
<link>tmdb/year/movies/1956</link>
</dir>

<dir>
<title>All 1957 Movies</title>
<link>tmdb/year/movies/1957</link>
</dir>

<dir>
<title>All 1958 Movies</title>
<link>tmdb/year/movies/1958</link>
</dir>

<dir>
<title>All 1959 Movies</title>
<link>tmdb/year/movies/1959</link>
</dir>

<dir>
<title>All 1960 Movies</title>
<link>tmdb/year/movies/1960</link>
</dir>

<dir>
<title>All 1961 Movies</title>
<link>tmdb/year/movies/1961</link>
</dir>

<dir>
<title>All 1962 Movies</title>
<link>tmdb/year/movies/1962</link>
</dir>

<dir>
<title>All 1963 Movies</title>
<link>tmdb/year/movies/1963</link>
</dir>

<dir>
<title>All 1964 Movies</title>
<link>tmdb/year/movies/1964</link>
</dir>

<dir>
<title>All 1965 Movies</title>
<link>tmdb/year/movies/1965</link>
</dir>

<dir>
<title>All 1966 Movies</title>
<link>tmdb/year/movies/1966</link>
</dir>

<dir>
<title>All 1967 Movies</title>
<link>tmdb/year/movies/1967</link>
</dir>

<dir>
<title>All 1968 Movies</title>
<link>tmdb/year/movies/1968</link>
</dir>

<dir>
<title>All 1969 Movies</title>
<link>tmdb/year/movies/1969</link>
</dir>

<dir>
<title>All 1970 Movies</title>
<link>tmdb/year/movies/1970</link>
</dir>

<dir>
<title>All 1971 Movies</title>
<link>tmdb/year/movies/1971</link>
</dir>

<dir>
<title>All 1972 Movies</title>
<link>tmdb/year/movies/1972</link>
</dir>

<dir>
<title>All 1973 Movies</title>
<link>tmdb/year/movies/1973</link>
</dir>

<dir>
<title>All 1974 Movies</title>
<link>tmdb/year/movies/1974</link>
</dir>

<dir>
<title>All 1975 Movies</title>
<link>tmdb/year/movies/1975</link>
</dir>

<dir>
<title>All 1976 Movies</title>
<link>tmdb/year/movies/1976</link>
</dir>

<dir>
<title>All 1977 Movies</title>
<link>tmdb/year/movies/1977</link>
</dir>

<dir>
<title>All 1978 Movies</title>
<link>tmdb/year/movies/1978</link>
</dir>

<dir>
<title>All 1979 Movies</title>
<link>tmdb/year/movies/1979</link>
</dir>

<dir>
<title>All 1980 Movies</title>
<link>tmdb/year/movies/1980</link>
</dir>

<dir>
<title>All 1981 Movies</title>
<link>tmdb/year/movies/1981</link>
</dir>

<dir>
<title>All 1982 Movies</title>
<link>tmdb/year/movies/1982</link>
</dir>

<dir>
<title>All 1983 Movies</title>
<link>tmdb/year/movies/1983</link>
</dir>

<dir>
<title>All 1984 Movies</title>
<link>tmdb/year/movies/1984</link>
</dir>

<dir>
<title>All 1985 Movies</title>
<link>tmdb/year/movies/1985</link>
</dir>

<dir>
<title>All 1986 Movies</title>
<link>tmdb/year/movies/1986</link>
</dir>

<dir>
<title>All 1987 Movies</title>
<link>tmdb/year/movies/1987</link>
</dir>

<dir>
<title>All 1988 Movies</title>
<link>tmdb/year/movies/1988</link>
</dir>

<dir>
<title>All 1989 Movies</title>
<link>tmdb/year/movies/1989</link>
</dir>

<dir>
<title>All 1990 Movies</title>
<link>tmdb/year/movies/1990</link>
</dir>

</xml>