<?xml version="1.0" encoding="UTF-8" standalone="yes"?>
<addon id="repository.mukuluku" name="mukuluku" version="1.0" provider-name="Ian_mukuluku">
    <extension point="xbmc.addon.repository" name="Mukuluku Repository">
        <dir>
            <info compressed="false">https://raw.githubusercontent.com/mukuluku/mukuluku.github.io/master/repo/zips/addons.xml</info>
            <checksum>https://raw.githubusercontent.com/mukuluku/mukuluku.github.io/master/repo/zips/addons.xml.md5</checksum>
            <datadir zip="true">https://raw.githubusercontent.com/mukuluku/mukuluku.github.io/master/repo/zips/</datadir>
        </dir>
    </extension>
    <extension point="xbmc.addon.metadata">
        <summary>MUKULUKU Repository</summary>
        <description>Ian Mukuluku's Repository</description>
        <disclaimer></disclaimer>
        <platform>all</platform>
        <assets>
            <icon>icon.png</icon>
            <fanart>fanart.jpg</fanart>
        </assets>
    </extension>
</addon>
