<xml>

<item>
	<title>Episode 1</title>
	<meta>
	<imdb>tt0064750</imdb>
	<content>episode</content>
	<tvshowtitle>Odissea</tvshowtitle>
	<year>1968</year>
	<season>1</season>
	<episode>1</episode>
	</meta>
	<link>https://www.dailymotion.com/video/x8ryp51</link>
	<thumbnail>https://www.themoviedb.org/t/p/w600_and_h900_bestv2/sXvc5x6Xw1nHNdrmU4K1MlFxfss.jpg</thumbnail>
	<fanart>https://image.tmdb.org/t/p/original/3ewjxRCEABWI56TsUP3Zl2uohfB.jpg</fanart>
</item>

<item>
	<title>Episode 2</title>
	<meta>
	<imdb>tt0064750</imdb>
	<content>episode</content>
	<tvshowtitle>Odissea</tvshowtitle>
	<year>1968</year>
	<season>1</season>
	<episode>2</episode>
	</meta>
	<link>https://www.dailymotion.com/video/x8rype7</link>
	<thumbnail>https://www.themoviedb.org/t/p/w600_and_h900_bestv2/sXvc5x6Xw1nHNdrmU4K1MlFxfss.jpg</thumbnail>
	<fanart>https://image.tmdb.org/t/p/original/3ewjxRCEABWI56TsUP3Zl2uohfB.jpg</fanart>
</item>

<item>
	<title>Episode 3</title>
	<meta>
	<imdb>tt0064750</imdb>
	<content>episode</content>
	<tvshowtitle>Odissea</tvshowtitle>
	<year>1968</year>
	<season>1</season>
	<episode>3</episode>
	</meta>
	<link>https://www.dailymotion.com/video/x8ryq7q</link>
	<thumbnail>https://www.themoviedb.org/t/p/w600_and_h900_bestv2/sXvc5x6Xw1nHNdrmU4K1MlFxfss.jpg</thumbnail>
	<fanart>https://image.tmdb.org/t/p/original/3ewjxRCEABWI56TsUP3Zl2uohfB.jpg</fanart>
</item>

<item>
	<title>Episode 4</title>
	<meta>
	<imdb>tt0064750</imdb>
	<content>episode</content>
	<tvshowtitle>Odissea</tvshowtitle>
	<year>1968</year>
	<season>1</season>
	<episode>4</episode>
	</meta>
	<link>https://www.dailymotion.com/video/x8rzvl6</link>
	<thumbnail>https://www.themoviedb.org/t/p/w600_and_h900_bestv2/sXvc5x6Xw1nHNdrmU4K1MlFxfss.jpg</thumbnail>
	<fanart>https://image.tmdb.org/t/p/original/3ewjxRCEABWI56TsUP3Zl2uohfB.jpg</fanart>
</item>

<item>
	<title>Episode 5</title>
	<meta>
	<imdb>tt0064750</imdb>
	<content>episode</content>
	<tvshowtitle>Odissea</tvshowtitle>
	<year>1968</year>
	<season>1</season>
	<episode>5</episode>
	</meta>
	<link>https://www.dailymotion.com/video/x8rzxj4</link>
	<thumbnail>https://www.themoviedb.org/t/p/w600_and_h900_bestv2/sXvc5x6Xw1nHNdrmU4K1MlFxfss.jpg</thumbnail>
	<fanart>https://image.tmdb.org/t/p/original/3ewjxRCEABWI56TsUP3Zl2uohfB.jpg</fanart>
</item>

<item>
	<title>Episode 6</title>
	<meta>
	<imdb>tt0064750</imdb>
	<content>episode</content>
	<tvshowtitle>Odissea</tvshowtitle>
	<year>1968</year>
	<season>1</season>
	<episode>6</episode>
	</meta>
	<link>https://www.dailymotion.com/video/x8rzyf2</link>
	<thumbnail>https://www.themoviedb.org/t/p/w600_and_h900_bestv2/sXvc5x6Xw1nHNdrmU4K1MlFxfss.jpg</thumbnail>
	<fanart>https://image.tmdb.org/t/p/original/3ewjxRCEABWI56TsUP3Zl2uohfB.jpg</fanart>
</item>

<item>
	<title>Episode 7</title>
	<meta>
	<imdb>tt0064750</imdb>
	<content>episode</content>
	<tvshowtitle>Odissea</tvshowtitle>
	<year>1968</year>
	<season>1</season>
	<episode>7</episode>
	</meta>
	<link>https://www.dailymotion.com/video/x8rzyi2</link>
	<thumbnail>https://www.themoviedb.org/t/p/w600_and_h900_bestv2/sXvc5x6Xw1nHNdrmU4K1MlFxfss.jpg</thumbnail>
	<fanart>https://image.tmdb.org/t/p/original/3ewjxRCEABWI56TsUP3Zl2uohfB.jpg</fanart>
</item>

<item>
	<title>Episode 8</title>
	<meta>
	<imdb>tt0064750</imdb>
	<content>episode</content>
	<tvshowtitle>Odissea</tvshowtitle>
	<year>1968</year>
	<season>1</season>
	<episode>8</episode>
	</meta>
	<link>plugin://plugin.video.dailymotion_com/?url=x8rzz1k&mode=playVideo</link>
	<thumbnail>https://www.themoviedb.org/t/p/w600_and_h900_bestv2/sXvc5x6Xw1nHNdrmU4K1MlFxfss.jpg</thumbnail>
	<fanart>https://image.tmdb.org/t/p/original/3ewjxRCEABWI56TsUP3Zl2uohfB.jpg</fanart>
</item>

<xml>